,CV,sr
G2 to G3,0.1620506,0.0202843
G3 to G4,0.1437769,0.0202562
G2&G3 to G4,0.1426546,0.0185974
